external_id	pilot_batch	objective_code	concept_code	question_family_code	difficulty	cognitive_level	question_type	question_mode	question_style	question_text	choice_a	choice_b	choice_c	choice_d	correct_letter	short_explanation	feedback_display_version	explanation	choice_a_explanation	choice_b_explanation	choice_c_explanation	choice_d_explanation	common_mistake	remediation_text	memory_aid	visual_priority	visual_type	visual_display_mode	visual_asset_key	visual_brief	visual_caption	visual_alt_text	source_reference_text	source_pages	source_status	review_status	reinforcement_question_ids	estimated_time_seconds
LTL2-C6-PA-Q001	Chapter 6 A	C6-O01	LTL2-C6-PERSONALITY_DEFINITION	LTL2-C6-F001	easy	recall	multiple_choice	study_and_test	cap_direct	What is personality?	A person’s public reputation	The sum of thoughts, feelings, and behaviors that makes someone unique	A person’s strongest emotion	A fixed set of inherited physical traits	B	Personality is the unique pattern of thoughts, feelings, and behaviors.	1	Personality includes visible and hidden features and is broader than reputation, mood, or genetics alone.	Reputation is how others view a person, not the full personality.	This is the chapter’s definition of personality.	One emotion is only a small part of personality.	Inherited traits may influence personality, but personality is broader.	Reducing personality to one trait or to reputation.	Ask: Does the answer include thoughts, feelings, and behavior together?	Personality = Think + Feel + Act.	medium	three_part_icon	optional_after_answer	ltl2_c6_personality_definition_001	Three linked icons labeled Think, Feel, and Act forming one person.	Personality = Think + Feel + Act.	Three linked icons labeled Think, Feel, and Act forming one person.	Learn to Lead Volume 2, Chapter 6 — Personality, Nature/Nurture & Birth Order	75	approved_source	draft	LTL2-C6-PA-Q002|LTL2-C6-PA-Q003|LTL2-C6-PA-Q004	35
LTL2-C6-PA-Q002	Chapter 6 A	C6-O02	LTL2-C6-NATURE_INFLUENCE	LTL2-C6-F002	medium	understanding	multiple_choice	study_and_test	cap_direct	In the nature-versus-nurture debate, “nature” refers primarily to	genetic and inborn influences	training and education	family expectations	choices made during adulthood	A	Nature means inherited or biological influences.	1	The nature side emphasizes genes and inborn qualities, while nurture emphasizes experience and environment.	Nature refers to inherited and biological influences.	Training and education are nurture.	Family expectations are environmental influences, so they are nurture.	Adult choices may shape behavior but are not what “nature” means.	Confusing nature with the natural environment.	Replace “nature” with “what you are born with.”	Nature = born with it.	medium	comparison_diagram	optional_after_answer	ltl2_c6_nature_influence_002	A split image: DNA on one side and life experiences on the other.	Nature = born with it.	A split image: DNA on one side and life experiences on the other.	Learn to Lead Volume 2, Chapter 6 — Personality, Nature/Nurture & Birth Order	76	approved_source	draft	LTL2-C6-PA-Q001|LTL2-C6-PA-Q003|LTL2-C6-PA-Q004	40
LTL2-C6-PA-Q003	Chapter 6 A	C6-O03	LTL2-C6-NURTURE_INFLUENCE	LTL2-C6-F003	medium	application	multiple_choice	study_and_test	scenario	Two cadets begin with similar ability. One receives patient coaching and regular practice, while the other receives neither. The first improves much faster. This best illustrates	birth order theory	charisma	nurture	referent power	C	Training and experience are examples of nurture.	1	Nurture includes the effects of coaching, school, family, friends, and other experiences on development.	Birth order concerns family position, not coaching.	Charisma is a personal magnetic quality, not skill development through practice.	Coaching and practice are environmental experiences—nurture.	Referent power comes from being liked or respected.	Choosing a leadership term that sounds positive but does not describe environmental influence.	Identify what changed: the cadet’s experiences, not genes.	Nurture = what life teaches.	medium	before_after	optional_after_answer	ltl2_c6_nurture_influence_003	Two similar cadets; one receives coaching and practice and improves.	Nurture = what life teaches.	Two similar cadets; one receives coaching and practice and improves.	Learn to Lead Volume 2, Chapter 6 — Personality, Nature/Nurture & Birth Order	76	approved_source	draft	LTL2-C6-PA-Q001|LTL2-C6-PA-Q002|LTL2-C6-PA-Q004	50
LTL2-C6-PA-Q004	Chapter 6 A	C6-O04	LTL2-C6-NATURE_NURTURE_INTERACTION	LTL2-C6-F004	hard	analysis	multiple_choice	study_and_test	cap_direct	Which conclusion best matches the chapter’s modern view of nature and nurture?	Genes determine personality, and environment has little effect.	Environment writes everything onto a completely blank mind.	Nature and nurture both matter and influence one another.	Leaders should ignore personality because it cannot change.	C	Nature and nurture both shape people and interact.	1	The chapter rejects both extremes: people are affected by genes and by environment, and leaders can influence that environment through their example.	The chapter rejects biology as complete destiny.	The chapter also rejects the extreme blank-slate position.	The modern view is interaction between inherited qualities and environment.	Leaders can influence the environment and should know their people.	Thinking the debate requires choosing only one side.	Look for the answer that rejects both absolute extremes.	Born + formed = both.	high	balance_scale	optional_after_answer	ltl2_c6_nature_nurture_interaction_004	A balanced scale labeled Genes and Environment with arrows between them.	Born + formed = both.	A balanced scale labeled Genes and Environment with arrows between them.	Learn to Lead Volume 2, Chapter 6 — Personality, Nature/Nurture & Birth Order	76–77	approved_source	draft	LTL2-C6-PA-Q001|LTL2-C6-PA-Q002|LTL2-C6-PA-Q003	55
LTL2-C6-PA-Q005	Chapter 6 A	C6-O04	LTL2-C6-LEADER_ENVIRONMENT	LTL2-C6-F005	hard	scenario	multiple_choice	study_and_test	application	A cadet leader cannot change a teammate’s inherited temperament. What can the leader most directly influence?	The teammate’s genes	The environment created by the leader’s behavior	The teammate’s birth order	The teammate’s permanent personality type	B	Leaders influence people partly by shaping their environment.	1	The practical lesson of nature versus nurture is to know people individually and create a supportive environment through leadership by example.	Genes are inherited and not controlled by the leader.	The leader’s example, expectations, and treatment shape the team environment.	Birth order is already established.	Personality should not be treated as permanently controlled by the leader.	Assuming leadership can directly redesign another person.	Separate what a leader controls from what the leader can only understand.	You cannot change genes; you can change the climate.	high	control_circle	optional_after_answer	ltl2_c6_leader_environment_005	A control circle showing leader behavior inside and genes outside.	You cannot change genes; you can change the climate.	A control circle showing leader behavior inside and genes outside.	Learn to Lead Volume 2, Chapter 6 — Personality, Nature/Nurture & Birth Order	77	approved_source	draft	LTL2-C6-PA-Q001|LTL2-C6-PA-Q002|LTL2-C6-PA-Q003	55
LTL2-C6-PA-Q006	Chapter 6 A	C6-O05	LTL2-C6-BIRTH_ORDER_DEFINITION	LTL2-C6-F006	easy	recall	multiple_choice	study_and_test	cap_direct	Birth order theory proposes that personality may be influenced by	a person’s rank within the family	the month in which a person was born	genetic birth defects	the order in which a team receives assignments	A	Birth order theory links family position with personality experiences.	1	It argues that children in different family positions may share experiences that shape how they see themselves.	Birth order theory concerns being first, middle, youngest, or an only child.	The month of birth is unrelated.	Genetic disorders belong to nature, not birth order theory.	Team assignment order is unrelated to family position.	Interpreting “birth order” as date or time of birth.	Think: oldest, middle, youngest, only.	Birth order = place in the family.	medium	family_ladder	optional_after_answer	ltl2_c6_birth_order_definition_006	A family ladder labeled Only, First, Middle, Youngest.	Birth order = place in the family.	A family ladder labeled Only, First, Middle, Youngest.	Learn to Lead Volume 2, Chapter 6 — Personality, Nature/Nurture & Birth Order	78	approved_source	draft	LTL2-C6-PA-Q001|LTL2-C6-PA-Q002|LTL2-C6-PA-Q003	35
LTL2-C6-PA-Q007	Chapter 6 A	C6-O05	LTL2-C6-TUTOR_EFFECT	LTL2-C6-F007	medium	understanding	multiple_choice	study_and_test	cap_direct	What is the “tutor effect” used to explain in birth order theory?	Younger children usually teach older siblings.	Firstborn children may develop skills by teaching younger siblings.	Only children receive less adult instruction.	Middle children always have the highest intelligence.	B	Teaching younger siblings may help firstborns develop leadership skills.	1	The tutor effect is one argument offered in support of birth order theory, not proof that every firstborn becomes a leader.	The tutor effect is usually described in the opposite direction.	Teaching younger siblings may help firstborns develop knowledge and leadership skills.	The theory does not define the tutor effect this way.	Birth order theory does not guarantee a result for every middle child.	Treating a statistical tendency as a guarantee.	Remember who usually tutors whom in a family.	Older teaches younger—the tutor grows too.	medium	teaching_scene	optional_after_answer	ltl2_c6_tutor_effect_007	An older sibling teaching a younger sibling, with both learning.	Older teaches younger—the tutor grows too.	An older sibling teaching a younger sibling, with both learning.	Learn to Lead Volume 2, Chapter 6 — Personality, Nature/Nurture & Birth Order	78	approved_source	draft	LTL2-C6-PA-Q001|LTL2-C6-PA-Q002|LTL2-C6-PA-Q003	45
LTL2-C6-PA-Q008	Chapter 6 A	C6-O05	LTL2-C6-BIRTH_ORDER_LIMITS	LTL2-C6-F008	hard	misconception	multiple_choice	study_and_test	cap_direct	Which statement shows the best use of birth order theory by a leader?	Assume every youngest child is rebellious.	Use family position as one possible clue, while still knowing each person individually.	Assign leadership jobs only to firstborn cadets.	Ignore major life events because birth order explains personality best.	B	Birth order is a possible clue, not a label.	1	The theory can help leaders consider environmental influences, but it should never be used to stereotype or predict every individual.	The chapter warns against treating tendencies as certainties.	Birth order may broaden perspective but cannot replace knowing the individual.	The theory does not justify restricting opportunities.	Opponents argue major life events may matter more than birth order.	Turning a theory about tendencies into a rigid label.	Ask whether the answer preserves individual differences.	Clue, not cage.	high	warning_label	optional_after_answer	ltl2_c6_birth_order_limits_008	A family-order clue card beside a large 'Do not stereotype' sign.	Clue, not cage.	A family-order clue card beside a large 'Do not stereotype' sign.	Learn to Lead Volume 2, Chapter 6 — Personality, Nature/Nurture & Birth Order	78–79	approved_source	draft	LTL2-C6-PA-Q001|LTL2-C6-PA-Q002|LTL2-C6-PA-Q003	55
LTL2-C6-PA-Q009	Chapter 6 A	C6-O05	LTL2-C6-BIRTH_ORDER_EVIDENCE	LTL2-C6-F009	hard	analysis	multiple_choice	study_and_test	cap_direct	Why does the chapter present both arguments for and against birth order theory?	To prove the theory is completely false	To show that the theory is useful only for children	To encourage leaders to consider evidence without treating the theory as certain	To require leaders to learn every follower’s birth order	C	Mixed evidence means use the theory cautiously.	1	Leaders can use birth order theory as one perspective while recognizing that other experiences may better explain personality.	The chapter does not dismiss the theory completely.	Its relevance is broader than childhood, though leaders may not know birth order.	The mixed evidence calls for cautious, critical use.	The chapter specifically notes leaders often will not know it.	Thinking a chapter must fully endorse or reject a theory.	Look for the response that matches uncertainty and good judgment.	Consider it; do not convict by it.	high	evidence_scale	optional_after_answer	ltl2_c6_birth_order_evidence_009	A scale with supporting evidence and competing explanations.	Consider it; do not convict by it.	A scale with supporting evidence and competing explanations.	Learn to Lead Volume 2, Chapter 6 — Personality, Nature/Nurture & Birth Order	78–79	approved_source	draft	LTL2-C6-PA-Q001|LTL2-C6-PA-Q002|LTL2-C6-PA-Q003	55
LTL2-C6-PA-Q010	Chapter 6 A	C6-O01-05	LTL2-C6-KNOW_YOUR_PEOPLE	LTL2-C6-F010	medium	application	multiple_choice	study_and_test	scenario	A flight sergeant uses the same motivational approach for every cadet and is surprised that it works for some but not others. Which Chapter 6 principle was most overlooked?	Know your people as individuals	Use only position power	Avoid all personality theories	Personality is entirely inherited	A	Effective leaders know their people as individuals.	1	Personality concepts are tools for understanding differences, not excuses for one-size-fits-all leadership.	The chapter repeatedly stresses understanding individual differences.	Position power alone does not solve differences in motivation.	Theories may be useful when used cautiously.	The chapter rejects the idea that inheritance explains everything.	Assuming fairness means treating everyone identically in every situation.	Ask what information the leader failed to learn about the followers.	Same standards; individualized leadership.	medium	team_portraits	optional_after_answer	ltl2_c6_know_your_people_010	Several cadets with different needs connected to one leader who listens.	Same standards; individualized leadership.	Several cadets with different needs connected to one leader who listens.	Learn to Lead Volume 2, Chapter 6 — Personality, Nature/Nurture & Birth Order	75–79	approved_source	draft	LTL2-C6-PA-Q001|LTL2-C6-PA-Q002|LTL2-C6-PA-Q003	50
LTL2-C6-PB-Q011	Chapter 6 B	C6-O06	LTL2-C6-CHARISMA_DEFINITION	LTL2-C6-F011	easy	recall	multiple_choice	study_and_test	cap_direct	Charisma is best defined as	formal authority attached to rank	a special aspect of personality with a strong emotional effect	technical knowledge gained through study	the ability to punish followers	B	Charisma is a magnetic personal quality that affects followers emotionally.	1	It can make a leader seem unique, likable, or larger than life, but it is not rank, expertise, or punishment.	Formal authority is legitimate power.	This matches the chapter’s definition of charisma.	Technical knowledge produces expert power.	The ability to punish is coercive power.	Confusing charisma with power from position.	Ask whether the influence comes from personality rather than title.	Charisma = magnetic personality.	medium	magnet_people	optional_after_answer	ltl2_c6_charisma_definition_011	A magnet labeled Charisma attracting people emotionally.	Charisma = magnetic personality.	A magnet labeled Charisma attracting people emotionally.	Learn to Lead Volume 2, Chapter 6 — Charisma & Johari Window	80	approved_source	draft	LTL2-C6-PB-Q012|LTL2-C6-PB-Q013|LTL2-C6-PB-Q014	35
LTL2-C6-PB-Q012	Chapter 6 B	C6-O07	LTL2-C6-CHARISMA_BENEFIT	LTL2-C6-F012	medium	understanding	multiple_choice	study_and_test	cap_direct	Why can charisma help a leader succeed?	It guarantees ethical judgment.	It can attract followers and inspire extra effort.	It replaces competence and standards.	It makes criticism unnecessary.	B	Charisma can attract support and inspire effort.	1	It may help leaders recruit followers, communicate hope, and create emotional commitment.	Charismatic leaders can still make unethical decisions.	Followers may be drawn to the leader and work harder for the cause.	Charisma cannot replace skill or sound leadership.	Strong charisma can actually reduce honest criticism.	Treating charisma as proof of character or competence.	Separate the ability to attract followers from the ability to lead well.	Charisma opens ears; leadership must earn trust.	medium	crowd_energy	optional_after_answer	ltl2_c6_charisma_benefit_012	A leader energizing a crowd, with a caution sign beside it.	Charisma opens ears; leadership must earn trust.	A leader energizing a crowd, with a caution sign beside it.	Learn to Lead Volume 2, Chapter 6 — Charisma & Johari Window	80	approved_source	draft	LTL2-C6-PB-Q011|LTL2-C6-PB-Q013|LTL2-C6-PB-Q014	45
LTL2-C6-PB-Q013	Chapter 6 B	C6-O08	LTL2-C6-CHARISMA_RISK	LTL2-C6-F013	hard	analysis	multiple_choice	study_and_test	cap_direct	What is a major danger of relying too heavily on charisma?	Followers may flatter the leader and hide problems.	The leader will automatically lose all followers.	The organization will become too focused on written rules.	The leader will have no emotional influence.	A	Charisma can silence honest feedback and hide problems.	1	When followers become loyal to the personality instead of the mission and values, both leader and organization are at risk.	Strong loyalty can discourage truthful feedback and make the leader inflexible.	Charisma usually attracts rather than automatically loses followers.	The danger described is not excessive reliance on written rules.	Charisma is defined partly by emotional influence.	Assuming popularity makes leadership safer.	Ask what happens when no one wants to tell a likable leader bad news.	Magnetism needs a compass.	high	magnet_compass	optional_after_answer	ltl2_c6_charisma_risk_013	A strong magnet pulling followers while a compass points to mission and values.	Magnetism needs a compass.	A strong magnet pulling followers while a compass points to mission and values.	Learn to Lead Volume 2, Chapter 6 — Charisma & Johari Window	80–81	approved_source	draft	LTL2-C6-PB-Q011|LTL2-C6-PB-Q012|LTL2-C6-PB-Q014	55
LTL2-C6-PB-Q014	Chapter 6 B	C6-O08	LTL2-C6-CHARISMA_RESULT	LTL2-C6-F014	hard	misconception	multiple_choice	study_and_test	cap_direct	Which statement best matches the chapter’s conclusion about charisma?	Charisma is required before anyone can lead.	Charisma is usually the result of effective leadership, not its cause.	People can imitate another leader’s charisma without losing authenticity.	Organizations succeed only under magnetic personalities.	B	Effective leadership may produce charisma in followers’ eyes.	1	Cadets should develop competence, character, and service rather than chase a personality effect they cannot reliably manufacture.	The chapter says charisma is not necessary for success.	This is the chapter’s stated conclusion.	Trying to manufacture charisma may make a person less authentic.	Competent organizations can succeed without charismatic leadership.	Believing charisma is the starting ingredient of leadership.	Focus on what a cadet can deliberately develop.	Lead well first; charisma may follow.	high	cause_effect	optional_after_answer	ltl2_c6_charisma_result_014	An arrow from effective leadership to perceived charisma, not the reverse.	Lead well first; charisma may follow.	An arrow from effective leadership to perceived charisma, not the reverse.	Learn to Lead Volume 2, Chapter 6 — Charisma & Johari Window	80–81	approved_source	draft	LTL2-C6-PB-Q011|LTL2-C6-PB-Q012|LTL2-C6-PB-Q013	55
LTL2-C6-PB-Q015	Chapter 6 B	C6-O09	LTL2-C6-JOHARI_FOUR_ARENAS	LTL2-C6-F015	medium	recall	multiple_choice	study_and_test	cap_direct	The Johari window organizes information about a person according to whether it is known or unknown to	leaders and followers	the self and other people	friends and family	officers and NCOs	B	The Johari window compares knowledge held by self and by others.	1	Its four arenas are open, blind, hidden, and unknown, based on what the person and others know.	Those roles are not the two dimensions of the model.	The model compares what is known to self and known to others.	Friends and family may provide feedback, but they are not the axes.	Rank categories are unrelated to the model.	Remembering the four boxes without understanding the two axes.	Draw a 2×2 grid: self knows/doesn’t know and others know/don’t know.	Self × Others = four windows.	high	four_quadrant	optional_after_answer	ltl2_c6_johari_four_arenas_015	A 2×2 Johari grid labeled Open, Blind, Hidden, Unknown.	Self × Others = four windows.	A 2×2 Johari grid labeled Open, Blind, Hidden, Unknown.	Learn to Lead Volume 2, Chapter 6 — Charisma & Johari Window	81–83	approved_source	draft	LTL2-C6-PB-Q011|LTL2-C6-PB-Q012|LTL2-C6-PB-Q013	45
LTL2-C6-PB-Q016	Chapter 6 B	C6-O09	LTL2-C6-JOHARI_BLIND	LTL2-C6-F016	medium	application	multiple_choice	study_and_test	scenario	A cadet believes she gives clear instructions, but teammates consistently find her directions confusing. She does not realize this. In the Johari window, the problem is mainly in the	open arena	blind arena	hidden arena	unknown arena	B	A blind-area trait is seen by others but not by the person.	1	Constructive feedback can reduce the blind arena and improve self-awareness.	Open information is known to both self and others.	The weakness is known to others but unknown to the cadet.	Hidden information is known to self but not others.	Unknown information is known to neither.	Choosing hidden because the problem is not openly discussed.	Ask: Who knows the information right now?	Others see it; you do not = blind.	medium	spotlight_back	optional_after_answer	ltl2_c6_johari_blind_016	A person facing forward while teammates see a label on the person’s back.	Others see it; you do not = blind.	A person facing forward while teammates see a label on the person’s back.	Learn to Lead Volume 2, Chapter 6 — Charisma & Johari Window	81–82	approved_source	draft	LTL2-C6-PB-Q011|LTL2-C6-PB-Q012|LTL2-C6-PB-Q013	50
LTL2-C6-PB-Q017	Chapter 6 B	C6-O10	LTL2-C6-FEEDBACK_JOHARI	LTL2-C6-F017	hard	application	multiple_choice	study_and_test	scenario	A cadet asks teammates for specific feedback and listens without becoming defensive. What is the main Johari-window effect?	The blind arena becomes smaller.	The hidden arena becomes larger.	The unknown arena disappears completely.	The open arena becomes smaller.	A	Feedback reduces blind spots and expands shared understanding.	1	Leaders improve when they invite honest observations and treat feedback as useful information rather than a personal attack.	Feedback reveals information others see but the person did not.	Self-disclosure, not feedback, normally reduces the hidden arena.	No method eliminates all unknown information.	Useful feedback generally expands the open arena.	Thinking feedback is mainly about revealing private information.	Feedback travels from others to self.	Feedback opens the blind window.	high	window_opening	optional_after_answer	ltl2_c6_feedback_johari_017	An arrow labeled Feedback moving from Blind to Open.	Feedback opens the blind window.	An arrow labeled Feedback moving from Blind to Open.	Learn to Lead Volume 2, Chapter 6 — Charisma & Johari Window	82	approved_source	draft	LTL2-C6-PB-Q011|LTL2-C6-PB-Q012|LTL2-C6-PB-Q013	50
LTL2-C6-PB-Q018	Chapter 6 B	C6-O10	LTL2-C6-SELF_DISCLOSURE_JOHARI	LTL2-C6-F018	hard	application	multiple_choice	study_and_test	scenario	A normally private cadet explains to the team that a family emergency is affecting his concentration. In Johari terms, this appropriate self-disclosure primarily	reduces the blind arena	reduces the hidden arena	expands the unknown arena	eliminates the need for feedback	B	Appropriate self-disclosure reduces the hidden arena.	1	Sharing relevant information can build trust and help teammates interpret behavior accurately, though leaders should still use judgment and boundaries.	The information was already known to the cadet.	Sharing information known to self but not others reduces the hidden arena.	Disclosure does not create more unknown information.	Feedback and disclosure serve different purposes.	Assuming all privacy is unhealthy or all disclosure is wise.	Ask where the information was before it was shared.	Hidden becomes open through sharing.	high	curtain_open	optional_after_answer	ltl2_c6_self_disclosure_johari_018	A curtain opening from Hidden to Open with a trust symbol.	Hidden becomes open through sharing.	A curtain opening from Hidden to Open with a trust symbol.	Learn to Lead Volume 2, Chapter 6 — Charisma & Johari Window	82–83	approved_source	draft	LTL2-C6-PB-Q011|LTL2-C6-PB-Q012|LTL2-C6-PB-Q013	50
LTL2-C6-PB-Q019	Chapter 6 B	C6-O09-10	LTL2-C6-JOHARI_TEAM_EFFECT	LTL2-C6-F019	medium	analysis	multiple_choice	study_and_test	cap_direct	Why do feedback and appropriate self-disclosure generally strengthen a team?	They make every personality identical.	They increase the open arena and mutual understanding.	They remove the need for standards.	They ensure nobody will disagree.	B	Teams improve when more useful information is openly shared.	1	The Johari window helps explain how trust, feedback, and self-awareness reduce misunderstanding.	The goal is understanding differences, not erasing them.	More shared, accurate information improves trust and teamwork.	Standards remain necessary.	Healthy teams can still disagree.	Equating team unity with total sameness or agreement.	Look for the answer about accurate shared knowledge.	More open, less guessing.	medium	team_window	optional_after_answer	ltl2_c6_johari_team_effect_019	A team looking through one clear shared window instead of separate foggy windows.	More open, less guessing.	A team looking through one clear shared window instead of separate foggy windows.	Learn to Lead Volume 2, Chapter 6 — Charisma & Johari Window	81–83	approved_source	draft	LTL2-C6-PB-Q011|LTL2-C6-PB-Q012|LTL2-C6-PB-Q013	45
LTL2-C6-PC-Q020	Chapter 6 C	C6-O11	LTL2-C6-MBTI_PURPOSE	LTL2-C6-F020	easy	understanding	multiple_choice	study_and_test	cap_direct	The Myers-Briggs Type Indicator is intended primarily to	judge whether a personality is good or bad	describe personality preferences	measure intelligence	predict moral character	B	MBTI describes preferences; it does not rank people.	1	It offers a vocabulary for discussing personality and working with different approaches.	The chapter says there is no correct place on a preference scale.	MBTI describes preferred ways of gaining energy, gathering information, deciding, and living.	It is not an intelligence test.	It does not measure integrity or character.	Treating personality type as a score of worth or ability.	Remember: describe, not judge.	Type is a map, not a grade.	medium	preference_scales	optional_after_answer	ltl2_c6_mbti_purpose_020	Four balanced scales with no side marked better.	Type is a map, not a grade.	Four balanced scales with no side marked better.	Learn to Lead Volume 2, Chapter 6 — Myers-Briggs Type Indicator	83–87	approved_source	draft	LTL2-C6-PC-Q021|LTL2-C6-PC-Q022|LTL2-C6-PC-Q023	40
LTL2-C6-PC-Q021	Chapter 6 C	C6-O11-12	LTL2-C6-MBTI_FOUR_DIMENSIONS	LTL2-C6-F021	medium	recall	multiple_choice	study_and_test	cap_direct	Which list contains the four MBTI dimensions?	Extroversion–Introversion; Sensing–Intuition; Thinking–Feeling; Judging–Perceiving	Nature–Nurture; Open–Blind; Hidden–Unknown; Thinking–Feeling	Physiological–Safety; Belonging–Esteem; Thinking–Feeling; Judging–Perceiving	Expert–Referent; Reward–Coercive; Thinking–Feeling; Judging–Perceiving	A	MBTI uses E–I, S–N, T–F, and J–P.	1	Each pair addresses a different preference: energy, information, decisions, and lifestyle.	These are the four MBTI preference pairs.	This mixes nature/nurture and Johari concepts with one MBTI pair.	This mixes Maslow with MBTI.	This mixes power types with MBTI.	Mixing nearby Chapter 6 models together.	Memorize the four questions: energy, information, decisions, organization.	E-S-T-J pairs: EI, SN, TF, JP.	high	four_scales	optional_after_answer	ltl2_c6_mbti_four_dimensions_021	Four labeled scales: Energy, Information, Decisions, Lifestyle.	E-S-T-J pairs: EI, SN, TF, JP.	Four labeled scales: Energy, Information, Decisions, Lifestyle.	Learn to Lead Volume 2, Chapter 6 — Myers-Briggs Type Indicator	84–87	approved_source	draft	LTL2-C6-PC-Q020|LTL2-C6-PC-Q022|LTL2-C6-PC-Q023	50
LTL2-C6-PC-Q022	Chapter 6 C	C6-O12	LTL2-C6-EXTROVERSION_INTROVERSION	LTL2-C6-F022	medium	application	multiple_choice	study_and_test	scenario	After a full day of group activities, Cadet Lee wants quiet time alone to recharge and think before speaking. This most closely reflects	extroversion	introversion	sensing	judging	B	Introverts tend to recharge alone and think before acting.	1	Introversion does not mean disliking people; it describes where energy is directed and restored.	Extroverts generally gain energy from interaction.	Introverts tend to recharge alone and think before acting or speaking.	Sensing concerns how information is gathered.	Judging concerns preference for structure and closure.	Confusing quietness with weakness or dislike of others.	Ask where the person gets energy.	I = inward recharge.	medium	battery_people	optional_after_answer	ltl2_c6_extroversion_introversion_022	A battery charging in quiet for I and in a group for E.	I = inward recharge.	A battery charging in quiet for I and in a group for E.	Learn to Lead Volume 2, Chapter 6 — Myers-Briggs Type Indicator	84	approved_source	draft	LTL2-C6-PC-Q020|LTL2-C6-PC-Q021|LTL2-C6-PC-Q023	45
LTL2-C6-PC-Q023	Chapter 6 C	C6-O12	LTL2-C6-EXTROVERSION_INTROVERSION_MISCONCEPTION	LTL2-C6-F023	hard	misconception	multiple_choice	study_and_test	cap_direct	Which statement about introverts best matches the chapter?	They generally dislike people.	They cannot become effective public leaders.	They may enjoy people but need solitude to recharge.	They always avoid group projects.	C	Introversion is about energy, not dislike of people.	1	An introvert may work well with others and lead effectively while still needing time alone to recharge.	The chapter identifies this as a common misconception.	Personality preference does not prevent leadership.	This captures the distinction between social ability and energy source.	Preferences are tendencies, not absolute rules.	Turning a preference into an absolute limitation.	Replace “introvert” with “recharges inwardly.”	Quiet battery, not closed door.	high	myth_fact	optional_after_answer	ltl2_c6_extroversion_introversion_misconception_023	A myth card 'dislikes people' crossed out beside 'recharges alone.'	Quiet battery, not closed door.	A myth card 'dislikes people' crossed out beside 'recharges alone.'	Learn to Lead Volume 2, Chapter 6 — Myers-Briggs Type Indicator	84	approved_source	draft	LTL2-C6-PC-Q020|LTL2-C6-PC-Q021|LTL2-C6-PC-Q022	50
LTL2-C6-PC-Q024	Chapter 6 C	C6-O12	LTL2-C6-SENSING_INTUITION	LTL2-C6-F024	medium	application	multiple_choice	study_and_test	scenario	A cadet prefers concrete facts, step-by-step instructions, and proven procedures. Which MBTI preference is most evident?	Sensing	Intuition	Feeling	Perceiving	A	Sensing emphasizes concrete facts and practical details.	1	The S–N dimension describes how people prefer to gather and interpret information.	Sensing favors concrete facts and practical details.	Intuition favors patterns, possibilities, and the big picture.	Feeling concerns decision criteria.	Perceiving concerns flexibility and openness.	Confusing practical detail with Judging.	Ask: Is the issue information or organization?	S = specifics.	medium	magnifying_details	optional_after_answer	ltl2_c6_sensing_intuition_024	A magnifying glass over concrete details versus a pattern cloud.	S = specifics.	A magnifying glass over concrete details versus a pattern cloud.	Learn to Lead Volume 2, Chapter 6 — Myers-Briggs Type Indicator	85	approved_source	draft	LTL2-C6-PC-Q020|LTL2-C6-PC-Q021|LTL2-C6-PC-Q022	45
LTL2-C6-PC-Q025	Chapter 6 C	C6-O12	LTL2-C6-INTUITION	LTL2-C6-F025	medium	application	multiple_choice	study_and_test	scenario	During planning, one cadet quickly notices patterns and proposes several future possibilities, even before all details are settled. This most closely reflects	Sensing	Intuition	Thinking	Judging	B	Intuition focuses on patterns, meanings, and possibilities.	1	Intuitive learners often begin with the big picture and imagine what could be.	Sensing is more focused on present facts and specifics.	Intuition emphasizes patterns, connections, and possibilities.	Thinking concerns how choices are evaluated.	Judging favors closure and structure.	Equating intuition with an unsupported guess.	Look for patterns and future possibilities.	N = new possibilities.	medium	pattern_constellation	optional_after_answer	ltl2_c6_intuition_025	Separate dots forming a larger pattern and future path.	N = new possibilities.	Separate dots forming a larger pattern and future path.	Learn to Lead Volume 2, Chapter 6 — Myers-Briggs Type Indicator	85	approved_source	draft	LTL2-C6-PC-Q020|LTL2-C6-PC-Q021|LTL2-C6-PC-Q022	45
LTL2-C6-PC-Q026	Chapter 6 C	C6-O12	LTL2-C6-THINKING_FEELING	LTL2-C6-F026	hard	application	multiple_choice	study_and_test	scenario	Two cadets agree on the facts. One chooses the most logically consistent solution; the other gives greater weight to how the decision will affect people. Which MBTI dimension explains the difference?	Extroversion–Introversion	Sensing–Intuition	Thinking–Feeling	Judging–Perceiving	C	Thinking–Feeling describes preferred decision criteria.	1	Thinking emphasizes impersonal logic; Feeling emphasizes values and effects on people. Neither preference means the person cannot use the other.	This dimension concerns energy.	This dimension concerns information gathering.	This dimension concerns preferred decision-making criteria.	This dimension concerns structure and flexibility.	Assuming Feeling means emotional or Thinking means uncaring.	Ask how the decision is being made.	T checks logic; F checks people and values.	high	decision_fork	optional_after_answer	ltl2_c6_thinking_feeling_026	A decision fork with Logic on one path and People/Values on the other.	T checks logic; F checks people and values.	A decision fork with Logic on one path and People/Values on the other.	Learn to Lead Volume 2, Chapter 6 — Myers-Briggs Type Indicator	85–86	approved_source	draft	LTL2-C6-PC-Q020|LTL2-C6-PC-Q021|LTL2-C6-PC-Q022	50
LTL2-C6-PC-Q027	Chapter 6 C	C6-O12	LTL2-C6-THINKING_FEELING_MISCONCEPTION	LTL2-C6-F027	hard	misconception	multiple_choice	study_and_test	cap_direct	Which statement is most accurate about the MBTI Thinking and Feeling preferences?	Thinkers have no feelings.	Feelers cannot reason logically.	They describe preferred decision approaches, not ability or character.	Feeling is always better for leaders.	C	Thinking and Feeling are preferences, not abilities.	1	Good leaders learn to consider both logic and human impact rather than stereotype either type.	Thinkers still have emotions.	Feelers can reason and analyze.	MBTI describes preferences, not fixed abilities or moral worth.	Leadership may require both approaches depending on the situation.	Turning preference labels into insults.	Replace “is able to” with “usually prefers to.”	Preference is not prison.	high	two_tools	optional_after_answer	ltl2_c6_thinking_feeling_misconception_027	A toolbox containing both a logic tool and an empathy tool.	Preference is not prison.	A toolbox containing both a logic tool and an empathy tool.	Learn to Lead Volume 2, Chapter 6 — Myers-Briggs Type Indicator	85–86	approved_source	draft	LTL2-C6-PC-Q020|LTL2-C6-PC-Q021|LTL2-C6-PC-Q022	50
LTL2-C6-PC-Q028	Chapter 6 C	C6-O12	LTL2-C6-JUDGING_PERCEIVING	LTL2-C6-F028	medium	application	multiple_choice	study_and_test	scenario	A cadet prefers plans, schedules, decisions, and completing work before relaxing. This most closely reflects	Judging	Perceiving	Feeling	Sensing	A	Judging prefers structure and closure.	1	The J–P dimension describes how a person prefers to organize life and respond to plans.	Judging favors structure, planning, and closure.	Perceiving favors flexibility and keeping options open.	Feeling concerns decision values.	Sensing concerns information details.	Confusing the word Judging with being critical of people.	In MBTI, Judging means organized closure, not condemnation.	J = schedule and finish.	medium	calendar_check	optional_after_answer	ltl2_c6_judging_perceiving_028	A calendar with boxes checked beside an open flexible path.	J = schedule and finish.	A calendar with boxes checked beside an open flexible path.	Learn to Lead Volume 2, Chapter 6 — Myers-Briggs Type Indicator	86–87	approved_source	draft	LTL2-C6-PC-Q020|LTL2-C6-PC-Q021|LTL2-C6-PC-Q022	45
LTL2-C6-PC-Q029	Chapter 6 C	C6-O12	LTL2-C6-PERCEIVING	LTL2-C6-F029	medium	application	multiple_choice	study_and_test	scenario	A cadet likes adapting as new information appears and feels restricted when every detail is decided too early. Which preference is most evident?	Judging	Perceiving	Thinking	Introversion	B	Perceiving favors flexibility and open options.	1	Perceiving does not mean careless; it describes comfort with adapting and delaying closure.	Judging tends to prefer decisions and settled plans.	Perceiving tends to keep options open and adapt.	Thinking concerns decision criteria.	Introversion concerns energy.	Equating flexibility with lack of discipline.	Ask whether the issue is closure or adaptability.	P = possibilities remain open.	medium	open_paths	optional_after_answer	ltl2_c6_perceiving_029	Several open paths with a movable route marker.	P = possibilities remain open.	Several open paths with a movable route marker.	Learn to Lead Volume 2, Chapter 6 — Myers-Briggs Type Indicator	86–87	approved_source	draft	LTL2-C6-PC-Q020|LTL2-C6-PC-Q021|LTL2-C6-PC-Q022	45
LTL2-C6-PC-Q030	Chapter 6 C	C6-O13	LTL2-C6-MBTI_LEADERSHIP_USE	LTL2-C6-F030	hard	analysis	multiple_choice	study_and_test	cap_direct	How is MBTI most useful to a leader?	It identifies which teammates are superior.	It gives exact predictions of behavior.	It helps the leader understand preferences and adapt communication and teamwork.	It replaces the need to observe individual behavior.	C	MBTI can help leaders adapt to different preferences.	1	It is a conversation tool for self-understanding and teamwork, not a label, excuse, or prediction machine.	No type is ranked as superior.	Preferences do not produce exact predictions.	The model can improve self-awareness and cooperation across differences.	A model should supplement, not replace, knowing people.	Using type as a permanent box.	Choose the answer that improves understanding without stereotyping.	Use type to translate, not label.	high	translation_bridge	optional_after_answer	ltl2_c6_mbti_leadership_use_030	A bridge connecting two different preference styles through adapted communication.	Use type to translate, not label.	A bridge connecting two different preference styles through adapted communication.	Learn to Lead Volume 2, Chapter 6 — Myers-Briggs Type Indicator	83–87	approved_source	draft	LTL2-C6-PC-Q020|LTL2-C6-PC-Q021|LTL2-C6-PC-Q022	55
LTL2-C6-PC-Q031	Chapter 6 C	C6-O11-13	LTL2-C6-MBTI_BALANCED_TEAM	LTL2-C6-F031	hard	scenario	multiple_choice	study_and_test	analysis	A planning team contains detail-focused Sensors and possibility-focused Intuitives. What is the best leadership response?	Let only the Sensors plan because details are objective.	Let only the Intuitives plan because ideas matter most.	Use both: Intuitives explore possibilities and Sensors test practical details.	Separate the two groups so they do not disagree.	C	Different preferences can become complementary strengths.	1	A leader should design teamwork so people contribute their natural strengths while still considering other perspectives.	Ignoring possibilities can produce a narrow plan.	Ignoring details can produce an impractical plan.	Different preferences can complement one another.	Constructive differences can improve the work when managed well.	Treating difference as a problem to eliminate.	Ask how both preferences can improve the mission.	Patterns plus particulars.	high	puzzle_halves	optional_after_answer	ltl2_c6_mbti_balanced_team_031	Two puzzle pieces labeled Possibilities and Practical Details fitting together.	Patterns plus particulars.	Two puzzle pieces labeled Possibilities and Practical Details fitting together.	Learn to Lead Volume 2, Chapter 6 — Myers-Briggs Type Indicator	85	approved_source	draft	LTL2-C6-PC-Q020|LTL2-C6-PC-Q021|LTL2-C6-PC-Q022	55
LTL2-C6-PD-Q032	Chapter 6 D	C6-O14	LTL2-C6-MASLOW_FIVE_NEEDS	LTL2-C6-F032	medium	recall	multiple_choice	study_and_test	cap_direct	Which sequence lists Maslow’s five needs from lowest to highest?	Physiological, safety, belonging, esteem, self-actualization	Safety, physiological, esteem, belonging, self-actualization	Physiological, belonging, safety, self-actualization, esteem	Belonging, safety, physiological, esteem, self-actualization	A	Maslow’s order is body, safety, belonging, esteem, fulfillment.	1	The pyramid moves from basic survival needs to safety, relationships, respect, and reaching one’s potential.	This is the chapter’s order.	Safety comes after physiological, and belonging before esteem.	Safety and belonging are reversed, and self-actualization is highest.	The lower levels are out of order.	Remembering the five labels but not their order.	Build upward from survival to full potential.	Body—Safe—Belong—Esteem—Become.	high	five_level_pyramid	optional_after_answer	ltl2_c6_maslow_five_needs_032	A five-level pyramid with the needs in order.	Body—Safe—Belong—Esteem—Become.	A five-level pyramid with the needs in order.	Learn to Lead Volume 2, Chapter 6 — Maslow & Hawthorne	88–90	approved_source	draft	LTL2-C6-PD-Q033|LTL2-C6-PD-Q034|LTL2-C6-PD-Q035	50
LTL2-C6-PD-Q033	Chapter 6 D	C6-O15	LTL2-C6-MASLOW_PYRAMID	LTL2-C6-F033	medium	understanding	multiple_choice	study_and_test	cap_direct	Why is Maslow’s model shown as a pyramid?	Higher needs are physically larger.	People normally focus on the lowest unfulfilled need before higher needs.	Only a few people have physiological needs.	Leaders should always motivate from the top down.	B	The pyramid shows that lower unmet needs usually take priority.	1	Once a lower need is reasonably met, higher needs can become stronger motivators.	The diagram is not about physical size.	Lower unmet needs generally demand attention first.	Physiological needs are universal.	The model suggests considering lower needs first.	Thinking the levels are rewards a person earns permanently.	Ask what an unmet basic need does to attention.	Fill the foundation before the peak.	medium	pyramid_foundation	optional_after_answer	ltl2_c6_maslow_pyramid_033	A pyramid with a cracked base unable to support the top.	Fill the foundation before the peak.	A pyramid with a cracked base unable to support the top.	Learn to Lead Volume 2, Chapter 6 — Maslow & Hawthorne	88	approved_source	draft	LTL2-C6-PD-Q032|LTL2-C6-PD-Q034|LTL2-C6-PD-Q035	45
LTL2-C6-PD-Q034	Chapter 6 D	C6-O14	LTL2-C6-PHYSIOLOGICAL_NEED	LTL2-C6-F034	easy	application	multiple_choice	study_and_test	scenario	A cadet is exhausted, dehydrated, and unable to focus during an activity. Which need is most immediate in Maslow’s model?	Esteem	Belonging	Physiological	Self-actualization	C	Food, water, rest, and bodily needs come first.	1	Leaders should not expect higher performance while a teammate’s basic physical needs are unmet.	Recognition will not address the immediate physical condition.	Team connection matters, but the body’s need is more urgent.	Rest and water are physiological needs.	Reaching potential is a higher-level need.	Trying to motivate with praise when the body needs care.	Ask what the person needs to function physically.	Body before badge.	medium	water_rest	optional_after_answer	ltl2_c6_physiological_need_034	A water bottle and rest symbol at the base of a pyramid.	Body before badge.	A water bottle and rest symbol at the base of a pyramid.	Learn to Lead Volume 2, Chapter 6 — Maslow & Hawthorne	88	approved_source	draft	LTL2-C6-PD-Q032|LTL2-C6-PD-Q033|LTL2-C6-PD-Q035	40
LTL2-C6-PD-Q035	Chapter 6 D	C6-O14-16	LTL2-C6-SAFETY_NEED	LTL2-C6-F035	medium	application	multiple_choice	study_and_test	scenario	A new cadet fears ridicule and believes mistakes will lead to humiliation. Which need should the leader address most directly?	Safety	Esteem only	Self-actualization	Physiological	A	People need physical and psychological safety.	1	A leader can help by setting respectful standards, preventing bullying, and making learning safe.	Psychological security and freedom from fear fit safety needs.	Esteem may also be affected, but safety is the more basic threatened need.	Full potential is not the immediate concern.	No bodily need is described.	Thinking safety means only protection from physical injury.	Include freedom from fear and uncertainty in safety.	Safe enough to learn.	medium	shield_classroom	optional_after_answer	ltl2_c6_safety_need_035	A shield protecting a learning space from ridicule.	Safe enough to learn.	A shield protecting a learning space from ridicule.	Learn to Lead Volume 2, Chapter 6 — Maslow & Hawthorne	88–89	approved_source	draft	LTL2-C6-PD-Q032|LTL2-C6-PD-Q033|LTL2-C6-PD-Q034	45
LTL2-C6-PD-Q036	Chapter 6 D	C6-O14-16	LTL2-C6-BELONGING_NEED	LTL2-C6-F036	medium	application	multiple_choice	study_and_test	scenario	Which action best helps fulfill a cadet’s belonging need?	Giving the cadet a private award	Including the cadet in meaningful team activities and friendships	Assigning a more difficult written test	Explaining a technical regulation	B	Belonging grows through connection and membership.	1	CAP leaders should build an inclusive team where cadets can form friendships and participate meaningfully.	An award mainly addresses esteem.	Connection, friendship, and team membership address belonging.	A harder test does not create social connection.	Technical knowledge addresses competence, not belonging directly.	Confusing esteem with belonging.	Belonging asks, 'Am I part of us?'	Belonging = part of the team.	medium	team_circle	optional_after_answer	ltl2_c6_belonging_need_036	A cadet welcomed into a team circle.	Belonging = part of the team.	A cadet welcomed into a team circle.	Learn to Lead Volume 2, Chapter 6 — Maslow & Hawthorne	89	approved_source	draft	LTL2-C6-PD-Q032|LTL2-C6-PD-Q033|LTL2-C6-PD-Q034	40
LTL2-C6-PD-Q037	Chapter 6 D	C6-O14-16	LTL2-C6-ESTEEM_SELF_ACTUALIZATION	LTL2-C6-F037	hard	analysis	multiple_choice	study_and_test	cap_direct	Which pairing is correct?	Esteem—food and rest; Self-actualization—friendship	Esteem—respect and achievement; Self-actualization—reaching one’s potential	Esteem—freedom from danger; Self-actualization—rank	Esteem—team membership; Self-actualization—avoiding failure	B	Esteem is respect; self-actualization is fulfilling potential.	1	Leaders can recognize real achievement while also helping people grow toward challenging, meaningful goals.	These needs are mismatched.	Esteem involves respect and accomplishment; self-actualization involves becoming what one can become.	Safety is freedom from danger, and rank alone is not self-actualization.	Belonging concerns membership, and avoidance is not the highest need.	Treating awards or rank as the same thing as full potential.	Esteem asks 'Am I valued?' The top asks 'What can I become?'	Respected, then realized.	high	two_top_levels	optional_after_answer	ltl2_c6_esteem_self_actualization_037	The top two pyramid levels labeled Valued and Full Potential.	Respected, then realized.	The top two pyramid levels labeled Valued and Full Potential.	Learn to Lead Volume 2, Chapter 6 — Maslow & Hawthorne	89–90	approved_source	draft	LTL2-C6-PD-Q032|LTL2-C6-PD-Q033|LTL2-C6-PD-Q034	50
LTL2-C6-PD-Q038	Chapter 6 D	C6-O16	LTL2-C6-MASLOW_LEADER_USE	LTL2-C6-F038	hard	scenario	multiple_choice	study_and_test	application	A leader offers a prestigious role to motivate a cadet who is worried about being physically safe during an activity. Why may the offer fail?	Prestige is never motivating.	The leader is addressing a higher need while a lower need remains unmet.	Safety needs are above esteem needs.	Maslow says everyone is motivated by the same reward.	B	Motivation should match the person’s strongest unmet need.	1	The pyramid helps leaders diagnose why a reward that motivates one person may not motivate another.	Prestige may motivate when esteem is the active need.	The lower safety concern will likely dominate attention.	Safety is below esteem.	The model says people share needs, not that one reward works for all.	Offering a higher-level reward without addressing the actual concern.	Find the lowest unmet need in the scenario.	Motivate the level they are living.	high	mismatched_arrow	optional_after_answer	ltl2_c6_maslow_leader_use_038	An arrow aimed at the top of a pyramid while the safety level flashes red.	Motivate the level they are living.	An arrow aimed at the top of a pyramid while the safety level flashes red.	Learn to Lead Volume 2, Chapter 6 — Maslow & Hawthorne	88–90	approved_source	draft	LTL2-C6-PD-Q032|LTL2-C6-PD-Q033|LTL2-C6-PD-Q034	55
LTL2-C6-PD-Q039	Chapter 6 D	C6-O17	LTL2-C6-HAWTHORNE_LESSON	LTL2-C6-F039	medium	understanding	multiple_choice	study_and_test	cap_direct	What was the key leadership lesson of the Hawthorne studies?	Brighter lighting always increases productivity.	Workers perform better when leaders pay attention and treat them as partners.	Punishment is the strongest workplace motivator.	Employees should not be consulted about work.	B	People often perform better when leaders genuinely involve and value them.	1	The Hawthorne effect reminds leaders that attention and partnership can create self-motivation.	Lighting changes did not explain the lasting improvement.	Attention, involvement, and partnership helped workers feel important.	The lesson was not about punishment.	Consultation was part of what improved motivation.	Remembering the experiment’s light bulbs instead of its human lesson.	Ask what changed socially, not electrically.	People brighten when noticed.	medium	lightbulb_people	optional_after_answer	ltl2_c6_hawthorne_lesson_039	A light bulb fading while a leader-person connection brightens.	People brighten when noticed.	A light bulb fading while a leader-person connection brightens.	Learn to Lead Volume 2, Chapter 6 — Maslow & Hawthorne	90	approved_source	draft	LTL2-C6-PD-Q032|LTL2-C6-PD-Q033|LTL2-C6-PD-Q034	45
LTL2-C6-PD-Q040	Chapter 6 D	C6-O17	LTL2-C6-HAWTHORNE_CAP	LTL2-C6-F040	medium	application	multiple_choice	study_and_test	scenario	Which CAP practice best applies the Hawthorne lesson?	Making every decision privately	Inviting cadet input and treating members as collaborators	Increasing punishment for small errors	Replacing feedback with brighter meeting-room lights	B	Participation can increase commitment and performance.	1	Leaders should listen to people, involve them appropriately, and show that their contributions matter.	Private control misses the partnership lesson.	Meaningful participation helps people feel valued and invested.	Punishment is not the key Hawthorne finding.	The lighting itself was not the lasting cause.	Using participation as a trick rather than genuine respect.	Think partner, not prop.	Invite input; build ownership.	medium	collaboration_table	optional_after_answer	ltl2_c6_hawthorne_cap_040	A leader and cadets working around one planning table.	Invite input; build ownership.	A leader and cadets working around one planning table.	Learn to Lead Volume 2, Chapter 6 — Maslow & Hawthorne	90	approved_source	draft	LTL2-C6-PD-Q032|LTL2-C6-PD-Q033|LTL2-C6-PD-Q034	45
LTL2-C6-PE-Q041	Chapter 6 E	C6-O17-20	LTL2-C6-STIMULUS_REFLEX	LTL2-C6-F041	medium	recall	multiple_choice	study_and_test	cap_direct	In classical conditioning, a stimulus is	an automatic response	something that produces a response	a reward given after behavior	the disappearance of behavior	B	A stimulus triggers a response; a reflex is the response.	1	Keeping the two terms separate is essential for understanding Pavlov and conditioning.	An automatic response is a reflex.	A stimulus is something that triggers or produces a response.	A reward may be positive reinforcement, not the general definition.	Behavior fading is extinction.	Reversing stimulus and reflex.	Stimulus starts; reflex reacts.	S starts it; R responds.	medium	arrow_trigger	optional_after_answer	ltl2_c6_stimulus_reflex_041	An arrow from Stimulus to Reflex.	S starts it; R responds.	An arrow from Stimulus to Reflex.	Learn to Lead Volume 2, Chapter 6 — Conditioning & Reinforcement	91	approved_source	draft	LTL2-C6-PE-Q042|LTL2-C6-PE-Q043|LTL2-C6-PE-Q044	40
LTL2-C6-PE-Q042	Chapter 6 E	C6-O19-20	LTL2-C6-PAVLOV_CLASSICAL_CONDITIONING	LTL2-C6-F042	medium	understanding	multiple_choice	study_and_test	cap_direct	What did Pavlov demonstrate with his dogs?	A neutral signal can become linked with an automatic response through repeated pairing.	Punishment always produces permanent learning.	Animals learn only through rewards.	Authority is stronger than conscience.	A	Repeated pairing can make a new signal trigger an old reflex.	1	This learned association is classical conditioning.	Repeated pairing allowed a previously neutral signal to trigger salivation.	Pavlov’s experiment was not about punishment.	The experiment concerned association, not rewards alone.	That lesson belongs to the Milgram experiment.	Confusing classical conditioning with reinforcement after voluntary behavior.	Ask whether two stimuli are being paired.	Pair it; trigger it.	medium	bell_food	optional_after_answer	ltl2_c6_pavlov_classical_conditioning_042	A bell repeatedly paired with food, then the bell alone triggering salivation.	Pair it; trigger it.	A bell repeatedly paired with food, then the bell alone triggering salivation.	Learn to Lead Volume 2, Chapter 6 — Conditioning & Reinforcement	91–92	approved_source	draft	LTL2-C6-PE-Q041|LTL2-C6-PE-Q043|LTL2-C6-PE-Q044	45
LTL2-C6-PE-Q043	Chapter 6 E	C6-O21	LTL2-C6-POSITIVE_REINFORCEMENT	LTL2-C6-F043	medium	application	multiple_choice	study_and_test	scenario	A flight sergeant praises a cadet immediately after the cadet gives an excellent safety briefing, making the cadet more likely to prepare carefully again. This is	positive reinforcement	negative reinforcement	punishment	extinction	A	Positive reinforcement adds a desirable consequence to strengthen behavior.	1	“Positive” means something is added; “reinforcement” means the behavior becomes more likely.	A desirable consequence is added to encourage behavior.	Negative reinforcement removes something unpleasant.	Punishment aims to reduce behavior.	Extinction occurs when reinforcement stops and behavior fades.	Thinking positive always means nice and negative means bad.	Translate the two words separately: add + increase behavior.	Add good; behavior grows.	medium	plus_arrow_up	optional_after_answer	ltl2_c6_positive_reinforcement_043	A plus sign leading to an upward behavior arrow.	Add good; behavior grows.	A plus sign leading to an upward behavior arrow.	Learn to Lead Volume 2, Chapter 6 — Conditioning & Reinforcement	92	approved_source	draft	LTL2-C6-PE-Q041|LTL2-C6-PE-Q042|LTL2-C6-PE-Q044	45
LTL2-C6-PE-Q044	Chapter 6 E	C6-O22	LTL2-C6-NEGATIVE_REINFORCEMENT	LTL2-C6-F044	hard	application	multiple_choice	study_and_test	scenario	A cadet completes equipment checks on time, so the leader stops sending daily reminder messages. The cadet continues checking equipment to avoid the reminders. This is	punishment	negative reinforcement	positive reinforcement	extinction	B	Negative reinforcement removes something unpleasant to strengthen behavior.	1	It is not punishment: both forms of reinforcement increase the desired behavior.	No consequence is being added to reduce the behavior.	An unpleasant reminder is removed to encourage timely checks.	Nothing desirable is added.	The behavior is being maintained, not fading.	Calling any unpleasant situation punishment.	Ask: Did the target behavior increase or decrease?	Remove bad; behavior grows.	high	minus_arrow_up	optional_after_answer	ltl2_c6_negative_reinforcement_044	A minus sign leading to an upward behavior arrow.	Remove bad; behavior grows.	A minus sign leading to an upward behavior arrow.	Learn to Lead Volume 2, Chapter 6 — Conditioning & Reinforcement	92	approved_source	draft	LTL2-C6-PE-Q041|LTL2-C6-PE-Q042|LTL2-C6-PE-Q043	50
LTL2-C6-PE-Q045	Chapter 6 E	C6-O23	LTL2-C6-PUNISHMENT_DEFINITION	LTL2-C6-F045	medium	understanding	multiple_choice	study_and_test	cap_direct	Punishment differs from reinforcement because punishment is intended to	increase a desired behavior	reduce an unwanted behavior	create a neutral stimulus	reveal a blind spot	B	Punishment is intended to reduce behavior.	1	It may suppress an unwanted action, but it does not automatically teach the desired replacement behavior.	Reinforcement is intended to increase behavior.	Punishment aims to make a behavior less likely.	Neutral stimulus belongs to classical conditioning.	Blind spots belong to the Johari window.	Assuming punishment and negative reinforcement are the same.	Reinforcement grows behavior; punishment shrinks it.	Punishment points behavior down.	medium	down_arrow	optional_after_answer	ltl2_c6_punishment_definition_045	An unwanted behavior arrow decreasing after a consequence.	Punishment points behavior down.	An unwanted behavior arrow decreasing after a consequence.	Learn to Lead Volume 2, Chapter 6 — Conditioning & Reinforcement	92	approved_source	draft	LTL2-C6-PE-Q041|LTL2-C6-PE-Q042|LTL2-C6-PE-Q043	40
LTL2-C6-PE-Q046	Chapter 6 E	C6-O23	LTL2-C6-PUNISHMENT_LIMIT	LTL2-C6-F046	hard	analysis	multiple_choice	study_and_test	cap_direct	What is a major limitation of punishment as a leadership tool?	It always rewards the wrong behavior.	It may teach what to avoid without teaching what to do instead.	It always increases trust.	It cannot affect behavior at all.	B	Punishment may stop behavior without teaching the replacement.	1	Constructive leaders explain standards, coach the correct action, and use discipline carefully.	Punishment is not necessarily a reward.	A leader must still teach and reinforce the correct behavior.	Punishment can damage trust if misused.	Punishment can suppress behavior, though often imperfectly.	Treating suppression as complete learning.	Ask: After stopping the wrong action, does the cadet know the right one?	Stop wrong, then teach right.	high	road_detour	optional_after_answer	ltl2_c6_punishment_limit_046	A blocked wrong path with a clearly taught correct path beside it.	Stop wrong, then teach right.	A blocked wrong path with a clearly taught correct path beside it.	Learn to Lead Volume 2, Chapter 6 — Conditioning & Reinforcement	92	approved_source	draft	LTL2-C6-PE-Q041|LTL2-C6-PE-Q042|LTL2-C6-PE-Q043	50
LTL2-C6-PE-Q047	Chapter 6 E	C6-O24	LTL2-C6-EXTINCTION	LTL2-C6-F047	medium	application	multiple_choice	study_and_test	scenario	A cadet’s attention-seeking interruptions gradually stop after the leader consistently stops rewarding them with laughter or attention. This process is	extinction	positive reinforcement	classical conditioning	displacement	A	Extinction occurs when reinforcement is removed and behavior fades.	1	Leaders should identify what consequence may be unintentionally maintaining a behavior.	Behavior can fade when the reinforcement that maintained it is removed.	No desirable consequence is being added.	This is not pairing a neutral stimulus with a reflex.	Displacement is a defense mechanism.	Thinking extinction means punishment was applied.	Ask whether the behavior lost its payoff.	No payoff; behavior fades.	medium	fading_signal	optional_after_answer	ltl2_c6_extinction_047	A behavior signal fading as attention is removed.	No payoff; behavior fades.	A behavior signal fading as attention is removed.	Learn to Lead Volume 2, Chapter 6 — Conditioning & Reinforcement	92	approved_source	draft	LTL2-C6-PE-Q041|LTL2-C6-PE-Q042|LTL2-C6-PE-Q043	45
LTL2-C6-PE-Q048	Chapter 6 E	C6-O21-24	LTL2-C6-REINFORCEMENT_COMPARISON	LTL2-C6-F048	hard	analysis	multiple_choice	study_and_test	cap_direct	Which pairing is correct?	Positive reinforcement—remove an unpleasant stimulus; Negative reinforcement—add a reward	Positive reinforcement—add a consequence to increase behavior; Negative reinforcement—remove a consequence to increase behavior	Punishment—increase behavior; Extinction—add a reward	Negative reinforcement—reduce behavior; Punishment—increase behavior	B	Positive adds and negative removes, but both reinforcement types strengthen behavior.	1	The words positive and negative refer to adding and removing, not good and bad.	The definitions are reversed.	Both are reinforcement because both increase behavior; positive adds and negative removes.	Punishment reduces behavior and extinction removes reinforcement.	Negative reinforcement increases behavior; punishment reduces it.	Using everyday meanings of positive and negative.	First ask increase or decrease; then ask add or remove.	Reinforce = rise; + adds, − removes.	high	four_quadrant_behavior	optional_after_answer	ltl2_c6_reinforcement_comparison_048	A grid showing add/remove versus increase/decrease behavior.	Reinforce = rise; + adds, − removes.	A grid showing add/remove versus increase/decrease behavior.	Learn to Lead Volume 2, Chapter 6 — Conditioning & Reinforcement	92	approved_source	draft	LTL2-C6-PE-Q041|LTL2-C6-PE-Q042|LTL2-C6-PE-Q043	55
LTL2-C6-PE-Q049	Chapter 6 E	C6-O20-24	LTL2-C6-CONDITIONING_LEADER_ETHICS	LTL2-C6-F049	hard	scenario	multiple_choice	study_and_test	analysis	A leader gives praise only when cadets flatter him personally, and withholds recognition from honest dissenters. What is the strongest concern?	The leader is using reinforcement to shape loyalty to himself rather than mission and values.	The leader is using extinction correctly.	The leader is applying the Johari window.	The leader is satisfying physiological needs.	A	Behavioral tools must serve the mission and Core Values, not the leader’s ego.	1	Leaders influence behavior continually; ethical leadership requires rewarding the right conduct, including respectful honesty.	Behavioral tools can be misused to reward unhealthy conformity.	The concern is ethical misuse, not technically correct extinction.	The Johari window concerns self-knowledge.	No bodily need is involved.	Assuming a technique is ethical merely because it changes behavior.	Ask whose interests the reinforcement serves.	Shape character, not flattery.	high	compass_reward	optional_after_answer	ltl2_c6_conditioning_leader_ethics_049	A reward arrow guided by a compass labeled Mission and Values.	Shape character, not flattery.	A reward arrow guided by a compass labeled Mission and Values.	Learn to Lead Volume 2, Chapter 6 — Conditioning & Reinforcement	91–92	approved_source	draft	LTL2-C6-PE-Q041|LTL2-C6-PE-Q042|LTL2-C6-PE-Q043	55
LTL2-C6-PF-Q050	Chapter 6 F	C6-O25	LTL2-C6-AUTHORITY_DEFINITION	LTL2-C6-F050	easy	recall	multiple_choice	study_and_test	cap_direct	Authority is best described as	a person’s private opinion	the right to direct or command	the desire to receive praise	a defense against anxiety	B	Authority is the recognized right to direct or command.	1	It may come from a legitimate role, but it does not make every order moral or wise.	An opinion does not create authority.	Authority is the recognized right to direct, decide, or command.	Desire for praise concerns motivation.	Defense mechanisms protect the ego from distress.	Confusing authority with influence in general.	Authority answers: Who has the right to direct?	Authority = right to direct.	medium	badge_arrow	optional_after_answer	ltl2_c6_authority_definition_050	A role badge connected to a clear direction arrow.	Authority = right to direct.	A role badge connected to a clear direction arrow.	Learn to Lead Volume 2, Chapter 6 — Authority & Milgram	93–95	approved_source	draft	LTL2-C6-PF-Q051|LTL2-C6-PF-Q052|LTL2-C6-PF-Q053	35
LTL2-C6-PF-Q051	Chapter 6 F	C6-O26	LTL2-C6-MILGRAM_SETUP	LTL2-C6-F051	medium	recall	multiple_choice	study_and_test	cap_direct	In Milgram’s experiment, participants believed they were	giving increasingly severe electric shocks for wrong answers	receiving rewards for leadership decisions	observing dogs respond to a bell	measuring personality preferences	A	Participants believed authority required them to shock another person.	1	The apparatus was fake, but the participants thought the learner was suffering.	Participants acted as 'teachers' and believed the shocks were real.	The experiment was not about rewards.	That describes Pavlov’s experiment.	That describes MBTI.	Remembering the conclusion but not the experiment.	Teacher, learner, researcher—and a fake shock machine.	Authority said continue; conscience heard pain.	medium	shock_setup	optional_after_answer	ltl2_c6_milgram_setup_051	A teacher, researcher, learner, and fake shock panel in a simple diagram.	Authority said continue; conscience heard pain.	A teacher, researcher, learner, and fake shock panel in a simple diagram.	Learn to Lead Volume 2, Chapter 6 — Authority & Milgram	93–95	approved_source	draft	LTL2-C6-PF-Q050|LTL2-C6-PF-Q052|LTL2-C6-PF-Q053	45
LTL2-C6-PF-Q052	Chapter 6 F	C6-O27	LTL2-C6-MILGRAM_LESSON	LTL2-C6-F052	hard	understanding	multiple_choice	study_and_test	cap_direct	What was the central warning from the Milgram experiment?	People always reject harmful orders.	Ordinary people may obey authority even when doing so conflicts with conscience.	Punishment never changes behavior.	Charisma is necessary for obedience.	B	Authority can pressure ordinary people to act against conscience.	1	The result warns leaders and followers to think morally rather than treating obedience as an excuse.	Many participants continued despite distress.	The experiment showed the powerful pressure of authority.	The experiment was not mainly about punishment theory.	The researcher’s charisma was not the key variable.	Assuming only cruel people comply with harmful authority.	Focus on the conflict between authority and personal responsibility.	Rank does not replace conscience.	high	authority_conscience_scale	optional_after_answer	ltl2_c6_milgram_lesson_052	A scale balancing an authority figure against a conscience symbol.	Rank does not replace conscience.	A scale balancing an authority figure against a conscience symbol.	Learn to Lead Volume 2, Chapter 6 — Authority & Milgram	93–95	approved_source	draft	LTL2-C6-PF-Q050|LTL2-C6-PF-Q051|LTL2-C6-PF-Q053	55
LTL2-C6-PF-Q053	Chapter 6 F	C6-O28	LTL2-C6-MILGRAM_LEADER_WARNING	LTL2-C6-F053	hard	application	multiple_choice	study_and_test	scenario	An officer orders a cadet to falsify a safety record. Which Chapter 6 lesson is most relevant?	Obedience removes personal responsibility.	Authority must be evaluated against morality and Core Values.	The order should be followed because it came from a superior.	The cadet should use denial to avoid conflict.	B	Authority does not cancel moral responsibility.	1	Cadets should respect legitimate authority while refusing dishonest or unsafe conduct and seeking appropriate help.	Milgram warns against surrendering responsibility to authority.	Leaders and followers remain morally responsible.	A superior’s position does not make an unethical order right.	Denial would avoid reality rather than solve the problem.	Treating obedience as absolute.	Ask whether the order is lawful, ethical, and consistent with values.	Obey rank—never abandon right.	high	stop_order	optional_after_answer	ltl2_c6_milgram_leader_warning_053	A command arrow stopped by an ethics shield.	Obey rank—never abandon right.	A command arrow stopped by an ethics shield.	Learn to Lead Volume 2, Chapter 6 — Authority & Milgram	93–95	approved_source	draft	LTL2-C6-PF-Q050|LTL2-C6-PF-Q051|LTL2-C6-PF-Q052	55
LTL2-C6-PF-Q054	Chapter 6 F	C6-O28	LTL2-C6-RESPONSIBLE_FOLLOWER	LTL2-C6-F054	hard	analysis	multiple_choice	study_and_test	cap_direct	Which response best represents a responsible follower?	Obey every order without question.	Reject all authority to protect independence.	Respect authority while retaining moral judgment and accountability.	Follow only orders that are personally convenient.	C	Responsible followers respect authority without surrendering conscience.	1	Military discipline and personal accountability must work together.	Blind obedience is the danger highlighted by Milgram.	Rejecting all authority makes organized teamwork impossible.	Responsible followership combines respect with conscience.	Convenience is not an ethical standard.	Seeing only two choices: blind obedience or rebellion.	Look for disciplined obedience with moral limits.	Respect the chain; keep the compass.	high	chain_compass	optional_after_answer	ltl2_c6_responsible_follower_054	A chain of command beside an ethical compass.	Respect the chain; keep the compass.	A chain of command beside an ethical compass.	Learn to Lead Volume 2, Chapter 6 — Authority & Milgram	93–95	approved_source	draft	LTL2-C6-PF-Q050|LTL2-C6-PF-Q051|LTL2-C6-PF-Q052	50
LTL2-C6-PF-Q055	Chapter 6 F	C6-O27	LTL2-C6-MILGRAM_PRESSURE	LTL2-C6-F055	medium	analysis	multiple_choice	study_and_test	cap_direct	Why did many Milgram participants continue even when they appeared uncomfortable?	They believed the learner enjoyed the shocks.	The authority figure repeatedly insisted the experiment required continuation.	They knew the machine was fake.	They received promotions for obeying.	B	Repeated pressure from legitimate-seeming authority encouraged obedience.	1	The experiment shows how situational pressure can overpower values unless people deliberately pause and judge.	The learner protested and appeared to suffer.	The researcher’s calm authority created pressure to continue.	Participants generally believed the shocks were real.	Promotions were not part of the experiment.	Assuming behavior always reveals true personal approval.	Separate inner discomfort from outward compliance.	Pressure can move action without changing belief.	medium	pressure_arrows	optional_after_answer	ltl2_c6_milgram_pressure_055	Repeated command arrows pushing a hesitant participant forward.	Pressure can move action without changing belief.	Repeated command arrows pushing a hesitant participant forward.	Learn to Lead Volume 2, Chapter 6 — Authority & Milgram	93–95	approved_source	draft	LTL2-C6-PF-Q050|LTL2-C6-PF-Q051|LTL2-C6-PF-Q052	45
LTL2-C6-PF-Q056	Chapter 6 F	C6-O25-28	LTL2-C6-LEADER_USE_AUTHORITY	LTL2-C6-F056	medium	scenario	multiple_choice	study_and_test	application	A cadet NCO explains the reason for an order, invites safety concerns, and remains open to correction. Why is this better than relying only on rank?	It weakens all authority.	It combines legitimate direction with judgment, trust, and responsibility.	It guarantees unanimous agreement.	It removes the need for standards.	B	Good leaders use authority without demanding blind obedience.	1	Trust grows when leaders explain purpose, welcome relevant concerns, and remain accountable.	Explaining and listening can strengthen legitimate authority.	Good authority is disciplined by mission, ethics, and communication.	Agreement is not guaranteed.	Standards remain necessary.	Thinking authority is strongest when nobody can question it.	Distinguish confidence from infallibility.	Strong authority can still listen.	medium	open_command	optional_after_answer	ltl2_c6_leader_use_authority_056	A leader giving direction while an open feedback channel remains visible.	Strong authority can still listen.	A leader giving direction while an open feedback channel remains visible.	Learn to Lead Volume 2, Chapter 6 — Authority & Milgram	93–95	approved_source	draft	LTL2-C6-PF-Q050|LTL2-C6-PF-Q051|LTL2-C6-PF-Q052	50
LTL2-C6-PG-Q057	Chapter 6 G	C6-O29	LTL2-C6-DEFENSE_MECHANISM_DEFINITION	LTL2-C6-F057	easy	recall	multiple_choice	study_and_test	cap_direct	A defense mechanism is	a safety procedure for protecting equipment	an unconscious way the ego protects itself from anxiety or unpleasant truth	a formal method of conflict mediation	a type of reward power	B	Defense mechanisms protect the ego from distress, often by avoiding reality.	1	They can be natural but become harmful when they prevent honest self-awareness and problem solving.	This is physical safety, not psychology.	Defense mechanisms reduce psychological discomfort, often by distorting or avoiding reality.	Mediation is a deliberate conflict process.	Reward power is a leadership power type.	Taking the word defense literally as physical protection.	Ask what is being protected: the person’s self-image.	Defense protects the ego, not the truth.	medium	shield_mirror	optional_after_answer	ltl2_c6_defense_mechanism_definition_057	A shield blocking a mirror from showing an uncomfortable truth.	Defense protects the ego, not the truth.	A shield blocking a mirror from showing an uncomfortable truth.	Learn to Lead Volume 2, Chapter 6 — Defense Mechanisms	96–98	approved_source	draft	LTL2-C6-PG-Q058|LTL2-C6-PG-Q059|LTL2-C6-PG-Q060	40
LTL2-C6-PG-Q058	Chapter 6 G	C6-O30-31	LTL2-C6-DENIAL	LTL2-C6-F058	medium	application	multiple_choice	study_and_test	scenario	A cadet repeatedly fails inspections but insists, “There is no problem; everyone else is just unfair.” This most clearly illustrates	denial	displacement	suppression	compromise	A	Denial refuses to accept an unpleasant reality.	1	The cadet protects self-image by rejecting evidence instead of addressing performance.	Denial refuses to accept an unpleasant reality.	Displacement redirects emotion toward a safer target.	Suppression deliberately sets a thought aside.	Compromise is a conflict-management approach.	Confusing denial with disagreement based on evidence.	Ask whether the person is refusing to recognize the problem itself.	Denial says, 'Problem? What problem?'	medium	covered_mirror	optional_after_answer	ltl2_c6_denial_058	A person covering a mirror that shows repeated inspection failures.	Denial says, 'Problem? What problem?'	A person covering a mirror that shows repeated inspection failures.	Learn to Lead Volume 2, Chapter 6 — Defense Mechanisms	96–98	approved_source	draft	LTL2-C6-PG-Q057|LTL2-C6-PG-Q059|LTL2-C6-PG-Q060	45
LTL2-C6-PG-Q059	Chapter 6 G	C6-O31	LTL2-C6-DISPLACEMENT	LTL2-C6-F059	medium	application	multiple_choice	study_and_test	scenario	After being corrected by an officer, a cadet is afraid to respond to the officer and instead angrily insults a younger cadet. This is	displacement	denial	rationalization	self-disclosure	A	Displacement redirects emotion toward a safer target.	1	The anger belongs to one situation but is released against someone less threatening.	Displacement redirects emotion from the real source to a safer target.	The cadet is not denying that correction occurred.	Rationalization creates a self-protective explanation.	Self-disclosure is sharing information.	Calling any angry response displacement.	Identify the true source and the substitute target.	Wrong target, same emotion.	medium	redirected_arrow	optional_after_answer	ltl2_c6_displacement_059	An anger arrow diverted from an officer toward a junior cadet.	Wrong target, same emotion.	An anger arrow diverted from an officer toward a junior cadet.	Learn to Lead Volume 2, Chapter 6 — Defense Mechanisms	96–98	approved_source	draft	LTL2-C6-PG-Q057|LTL2-C6-PG-Q058|LTL2-C6-PG-Q060	45
LTL2-C6-PG-Q060	Chapter 6 G	C6-O31	LTL2-C6-RATIONALIZATION	LTL2-C6-F060	medium	application	multiple_choice	study_and_test	scenario	A cadet does not study, fails an exam, and says, “The test was pointless anyway.” This is most likely	rationalization	extinction	introversion	mediation	A	Rationalization uses a convenient explanation to protect the ego.	1	The explanation may contain some truth, but it avoids facing the cadet’s lack of preparation.	Rationalization creates an excuse that protects self-image.	Extinction concerns behavior fading after reinforcement ends.	Introversion is an MBTI energy preference.	Mediation helps resolve conflict.	Assuming every explanation is rationalization.	Ask whether the explanation honestly addresses the person’s role.	Excuse after the fact = rationalize.	medium	excuse_mask	optional_after_answer	ltl2_c6_rationalization_060	A failed score covered by a mask labeled 'The test was pointless.'	Excuse after the fact = rationalize.	A failed score covered by a mask labeled 'The test was pointless.'	Learn to Lead Volume 2, Chapter 6 — Defense Mechanisms	96–98	approved_source	draft	LTL2-C6-PG-Q057|LTL2-C6-PG-Q058|LTL2-C6-PG-Q059	45
LTL2-C6-PG-Q061	Chapter 6 G	C6-O31	LTL2-C6-SUPPRESSION_WITHDRAWAL	LTL2-C6-F061	hard	analysis	multiple_choice	study_and_test	cap_direct	Which pairing is most accurate?	Suppression—unconsciously denying reality; Withdrawal—redirecting anger	Suppression—deliberately setting a troubling thought aside; Withdrawal—retreating from the situation	Suppression—blaming others; Withdrawal—seeking feedback	Suppression—adding a reward; Withdrawal—removing a punishment	B	Suppression postpones a thought; withdrawal retreats from the problem.	1	Both can offer temporary relief, but neither should become a permanent substitute for facing reality.	Denial and displacement are being confused with the terms.	This distinguishes conscious postponement from retreat.	Blaming and feedback are different processes.	Those are behavioral-conditioning terms.	Confusing suppression with unconscious repression or denial.	Suppression shelves the thought; withdrawal leaves the room.	Shelve versus step away.	high	shelf_exit	optional_after_answer	ltl2_c6_suppression_withdrawal_061	A thought placed on a shelf beside a person walking away from a problem.	Shelve versus step away.	A thought placed on a shelf beside a person walking away from a problem.	Learn to Lead Volume 2, Chapter 6 — Defense Mechanisms	96–98	approved_source	draft	LTL2-C6-PG-Q057|LTL2-C6-PG-Q058|LTL2-C6-PG-Q059	50
LTL2-C6-PG-Q062	Chapter 6 G	C6-O32	LTL2-C6-LEADER_DEFENSIVENESS	LTL2-C6-F062	hard	scenario	multiple_choice	study_and_test	application	A leader receives criticism and immediately attacks the critic’s motives. What is the best corrective first step?	Use rank to end the discussion.	Pause, monitor the defensive reaction, and examine the feedback.	Gossip about the critic.	Pretend the criticism was never made.	B	Leaders should notice defensiveness before reacting.	1	Defense mechanisms become dangerous when they block feedback and make leaders protect ego instead of mission.	Rank does not make the feedback disappear.	Deliberate self-awareness creates space for an honest response.	Gossip worsens conflict.	Pretending is denial.	Believing the first emotional reaction must be acted upon.	Pause before deciding whether the criticism is fair.	Defend the mission, not the ego.	high	pause_mirror	optional_after_answer	ltl2_c6_leader_defensiveness_062	A pause symbol between criticism and a leader looking honestly in a mirror.	Defend the mission, not the ego.	A pause symbol between criticism and a leader looking honestly in a mirror.	Learn to Lead Volume 2, Chapter 6 — Defense Mechanisms	96–99	approved_source	draft	LTL2-C6-PG-Q057|LTL2-C6-PG-Q058|LTL2-C6-PG-Q059	50
LTL2-C6-PH-Q063	Chapter 6 H	C6-O33	LTL2-C6-CONFLICT_DEFINITION	LTL2-C6-F063	easy	recall	multiple_choice	study_and_test	cap_direct	Conflict is best defined as	any difference of opinion	a disagreement in which people perceive a threat to needs, interests, or concerns	a formal violation of regulations	a personality difference that cannot be managed	B	Conflict involves disagreement plus a perceived threat.	1	Emotions and perceptions often make conflict more intense than a simple difference of ideas.	A disagreement becomes conflict when people perceive something important is threatened.	This matches the chapter’s definition.	Some conflicts involve no formal violation.	Personality conflict is difficult but manageable.	Calling every disagreement a conflict.	Ask whether someone feels a need, interest, or concern is threatened.	Difference + threat = conflict.	medium	threat_overlap	optional_after_answer	ltl2_c6_conflict_definition_063	Two viewpoints overlapping around a threatened need.	Difference + threat = conflict.	Two viewpoints overlapping around a threatened need.	Learn to Lead Volume 2, Chapter 6 — Conflict Management	98–99	approved_source	draft	LTL2-C6-PH-Q064|LTL2-C6-PH-Q065|LTL2-C6-PH-Q066	40
LTL2-C6-PH-Q064	Chapter 6 H	C6-O34	LTL2-C6-KNEE_JERK_DELIBERATE	LTL2-C6-F064	medium	understanding	multiple_choice	study_and_test	cap_direct	Which behavior is characteristic of a deliberate leader rather than a knee-jerk leader?	Reacting emotionally to bad news	Making snap judgments	Stepping back, remaining calm, and considering ideas carefully	Relying on rank to settle every dispute	C	Deliberate leaders pause, think, and act intentionally.	1	They manage their own reactions before trying to manage other people.	This is listed as a knee-jerk reaction.	Snap judgments are knee-jerk behavior.	Deliberate leaders pause and think professionally.	Overreliance on rank is a knee-jerk approach.	Equating fast action with decisive leadership in every case.	Deliberate does not mean slow; it means thoughtful.	Pause is part of professionalism.	medium	pause_path	optional_after_answer	ltl2_c6_knee_jerk_deliberate_064	A fork from emotional reaction to a pause-and-think path.	Pause is part of professionalism.	A fork from emotional reaction to a pause-and-think path.	Learn to Lead Volume 2, Chapter 6 — Conflict Management	98–99	approved_source	draft	LTL2-C6-PH-Q063|LTL2-C6-PH-Q065|LTL2-C6-PH-Q066	45
LTL2-C6-PH-Q065	Chapter 6 H	C6-O35	LTL2-C6-LEADER_CONFLICT_DUTY	LTL2-C6-F065	hard	analysis	multiple_choice	study_and_test	cap_direct	Why do leaders have a duty to manage conflict?	Conflict always disappears if ignored.	Unmanaged conflict can damage people, teamwork, safety, and mission accomplishment.	Only leaders are allowed to disagree.	Managing conflict guarantees everyone will become friends.	B	Leaders must address conflict because it can damage the team and mission.	1	Leadership responsibility includes recognizing serious problems early rather than waiting for public failure.	Ignored conflict often grows.	Leaders are responsible for the team and mission environment.	Team members may disagree constructively.	The goal may be workable behavior, not friendship.	Thinking neutrality means doing nothing.	Ask what happens to the mission if destructive conflict continues.	Conflict ignored becomes conflict enlarged.	high	small_fire	optional_after_answer	ltl2_c6_leader_conflict_duty_065	A small conflict spark growing into a team fire when ignored.	Conflict ignored becomes conflict enlarged.	A small conflict spark growing into a team fire when ignored.	Learn to Lead Volume 2, Chapter 6 — Conflict Management	99–100	approved_source	draft	LTL2-C6-PH-Q063|LTL2-C6-PH-Q064|LTL2-C6-PH-Q066	50
LTL2-C6-PH-Q066	Chapter 6 H	C6-O36	LTL2-C6-FIVE_CONFLICT_APPROACHES	LTL2-C6-F066	hard	recall	multiple_choice	study_and_test	cap_direct	Which list contains the five basic approaches to conflict described in the chapter?	Avoidance, accommodation, compromise, competition, collaboration	Punishment, extinction, reward, denial, mediation	Thinking, feeling, sensing, intuition, judging	Forming, storming, norming, performing, directing	A	The five approaches are avoid, accommodate, compromise, compete, and collaborate.	1	Each approach may be useful in different circumstances; collaboration is not always practical and avoidance is not always cowardly.	These are the five conflict approaches.	This mixes conditioning, defense, and mediation terms.	These are MBTI preferences.	These are team-life-cycle terms plus a leadership function.	Remembering only 'good' approaches and rejecting the others.	Use the five A-C-C-C-A words.	Avoid—Accommodate—Compromise—Compete—Collaborate.	high	five_paths	optional_after_answer	ltl2_c6_five_conflict_approaches_066	Five paths labeled with the conflict approaches.	Avoid—Accommodate—Compromise—Compete—Collaborate.	Five paths labeled with the conflict approaches.	Learn to Lead Volume 2, Chapter 6 — Conflict Management	100–102	approved_source	draft	LTL2-C6-PH-Q063|LTL2-C6-PH-Q064|LTL2-C6-PH-Q065	55
LTL2-C6-PH-Q067	Chapter 6 H	C6-O36	LTL2-C6-CONFLICT_APPROACH_CHOICE	LTL2-C6-F067	hard	scenario	multiple_choice	study_and_test	application	Two cadets have a minor disagreement about a detail that does not affect safety or mission, and time is extremely limited. Which approach may be most reasonable?	Lengthy collaboration over every interest	Avoidance or brief accommodation	Immediate punishment	Public competition for authority	B	Conflict approaches should match the stakes, time, and relationship.	1	Good judgment means choosing the method that solves the real problem without spending more than the issue is worth.	Collaboration may cost more time than the issue deserves.	For a low-stakes issue, not every disagreement requires a full process.	Disagreement alone is not misconduct.	Public power struggles usually worsen conflict.	Assuming collaboration is always the only ethical choice.	Ask how important the issue is and how much time is available.	Match the method to the moment.	high	stakes_clock	optional_after_answer	ltl2_c6_conflict_approach_choice_067	A scale comparing issue importance with available time.	Match the method to the moment.	A scale comparing issue importance with available time.	Learn to Lead Volume 2, Chapter 6 — Conflict Management	100–102	approved_source	draft	LTL2-C6-PH-Q063|LTL2-C6-PH-Q064|LTL2-C6-PH-Q065	55
LTL2-C6-PH-Q068	Chapter 6 H	C6-O37	LTL2-C6-MEDIATION_PROCESS	LTL2-C6-F068	hard	application	multiple_choice	study_and_test	scenario	During mediation, what should the leader normally do before pushing for a solution?	Allow each person to explain without interruption and summarize the professional issues	Announce who is wrong before hearing both sides	Require an immediate handshake before discussion	Focus on rumors about each person’s character	A	Fair mediation begins with listening, clarifying, and summarizing.	1	Only after understanding both accounts should the mediator guide concessions and seek a workable consensus.	Listening and summarizing establish a shared understanding of the conflict.	Premature judgment undermines fairness.	A handshake belongs at the conclusion, not the beginning.	Mediation should focus on relevant behavior and professional issues.	Rushing to a solution before defining the problem.	First hear; then summarize; then solve.	Hear both before building one solution.	high	mediation_steps	optional_after_answer	ltl2_c6_mediation_process_068	A sequence: Hear A, Hear B, Summarize, Options, Consensus, Handshake.	Hear both before building one solution.	A sequence: Hear A, Hear B, Summarize, Options, Consensus, Handshake.	Learn to Lead Volume 2, Chapter 6 — Conflict Management	101–102	approved_source	draft	LTL2-C6-PH-Q063|LTL2-C6-PH-Q064|LTL2-C6-PH-Q065	60
LTL2-C6-PH-Q069	Chapter 6 H	C6-O37	LTL2-C6-MEDIATION_CONSENSUS	LTL2-C6-F069	medium	understanding	multiple_choice	study_and_test	cap_direct	In the chapter’s mediation process, consensus means	one person wins completely	general agreement everyone can live with	the mediator avoids making any recommendation	both people must become close friends	B	Consensus is a workable agreement everyone can live with.	1	It may require concessions and does not mean every person receives everything desired.	Consensus is not total victory for one side.	It is a workable agreement broadly acceptable to those involved.	The mediator may guide and persuade toward fairness.	Professional cooperation, not friendship, is the goal.	Confusing consensus with unanimity or complete satisfaction.	Think acceptable, not perfect.	Consensus = livable agreement.	medium	overlap_agreement	optional_after_answer	ltl2_c6_mediation_consensus_069	Two circles overlapping in an area labeled Workable Agreement.	Consensus = livable agreement.	Two circles overlapping in an area labeled Workable Agreement.	Learn to Lead Volume 2, Chapter 6 — Conflict Management	101–102	approved_source	draft	LTL2-C6-PH-Q063|LTL2-C6-PH-Q064|LTL2-C6-PH-Q065	45
LTL2-C6-PI-Q070	Chapter 6 I	C6-O38	LTL2-C6-DIVERSITY_DEFINITION	LTL2-C6-F070	easy	recall	multiple_choice	study_and_test	cap_direct	Diversity refers to	differences among people within a group or society	a requirement that everyone think alike	a conflict-management technique	a personality test score	A	Diversity means the variety of differences among people.	1	Respect turns difference into strength; prejudice and discrimination can turn it into division.	Diversity includes differences in background, experience, identity, and perspective.	Sameness is the opposite of diversity.	Conflict management is a separate topic.	MBTI describes preferences, not diversity as a whole.	Reducing diversity to only one demographic trait.	Think many kinds of difference within one team.	Different people, one mission.	medium	mosaic_team	optional_after_answer	ltl2_c6_diversity_definition_070	A mosaic made of different pieces forming one CAP team symbol.	Different people, one mission.	A mosaic made of different pieces forming one CAP team symbol.	Learn to Lead Volume 2, Chapter 6 — Diversity, Prejudice & Leadership	103–106	approved_source	draft	LTL2-C6-PI-Q071|LTL2-C6-PI-Q072|LTL2-C6-PI-Q073	40
LTL2-C6-PI-Q071	Chapter 6 I	C6-O39	LTL2-C6-DIVERSITY_STRENGTH	LTL2-C6-F071	medium	understanding	multiple_choice	study_and_test	cap_direct	Why does the chapter call diversity a strength for the military and CAP?	Different backgrounds can expand talent, perspective, and capability.	Diversity eliminates all conflict.	A diverse team no longer needs standards.	Only demographic differences determine performance.	A	Diversity can widen a team’s talent and perspective.	1	An inclusive organization can draw on more of the population and solve problems with a broader range of experience.	A broader range of experiences and abilities can strengthen the mission.	Difference can also create misunderstanding if poorly led.	Common standards remain essential.	Performance depends on many factors, not demographics alone.	Treating diversity as either automatically perfect or automatically divisive.	Look for the mission benefit without unrealistic guarantees.	More perspectives, more tools.	medium	toolkit_people	optional_after_answer	ltl2_c6_diversity_strength_071	A diverse group contributing different tools to one mission.	More perspectives, more tools.	A diverse group contributing different tools to one mission.	Learn to Lead Volume 2, Chapter 6 — Diversity, Prejudice & Leadership	103–104	approved_source	draft	LTL2-C6-PI-Q070|LTL2-C6-PI-Q072|LTL2-C6-PI-Q073	45
LTL2-C6-PI-Q072	Chapter 6 I	C6-O42-43	LTL2-C6-INCREASING_DIVERSITY	LTL2-C6-F072	medium	analysis	multiple_choice	study_and_test	cap_direct	What is a likely leadership implication of America’s increasing diversity?	Leaders will need stronger skills in respect, inclusion, and understanding different perspectives.	Leaders should use one communication approach for everyone.	Core Values will become less important.	Teams should avoid discussing differences.	A	Growing diversity increases the need for inclusive leadership.	1	Leaders must build common purpose while understanding and respecting a wider range of people.	Changing demographics make inclusive people skills more important.	One-size-fits-all leadership becomes less effective.	Core Values provide a common foundation across differences.	Silence does not prevent prejudice or misunderstanding.	Thinking inclusion means lowering common standards.	Separate common mission from varied backgrounds.	Common values; varied voices.	medium	bridge_many	optional_after_answer	ltl2_c6_increasing_diversity_072	Many different people crossing one bridge labeled Core Values.	Common values; varied voices.	Many different people crossing one bridge labeled Core Values.	Learn to Lead Volume 2, Chapter 6 — Diversity, Prejudice & Leadership	104	approved_source	draft	LTL2-C6-PI-Q070|LTL2-C6-PI-Q071|LTL2-C6-PI-Q073	50
LTL2-C6-PI-Q073	Chapter 6 I	C6-O44	LTL2-C6-PREJUDICE_DEFINITION	LTL2-C6-F073	medium	recall	multiple_choice	study_and_test	cap_direct	Prejudice is best defined as	pre-judging a person or group without sufficient knowledge	disagreeing with a teammate’s idea	enforcing a fair standard	mediating a conflict	A	Prejudice means judging before knowing.	1	It substitutes assumptions about a group for evidence about an individual.	Prejudice means forming a judgment in advance, often based on group identity.	Ideas may be judged on evidence without prejudice toward the person.	Fair standards are not prejudice when applied properly.	Mediation is a conflict-resolution process.	Calling every negative judgment prejudice.	Ask whether the judgment came before real knowledge.	Prejudice = pre-judge.	medium	stamp_before_file	optional_after_answer	ltl2_c6_prejudice_definition_073	A judgment stamp hitting a closed, unread personnel file.	Prejudice = pre-judge.	A judgment stamp hitting a closed, unread personnel file.	Learn to Lead Volume 2, Chapter 6 — Diversity, Prejudice & Leadership	105–106	approved_source	draft	LTL2-C6-PI-Q070|LTL2-C6-PI-Q071|LTL2-C6-PI-Q072	45
LTL2-C6-PI-Q074	Chapter 6 I	C6-O45-46	LTL2-C6-HARASSMENT_RETALIATION	LTL2-C6-F074	hard	analysis	multiple_choice	study_and_test	cap_direct	Which pairing is correct?	Harassment—unwelcome conduct that creates a hostile environment; Retaliation—revenge against someone who reports or opposes discrimination	Harassment—any correction by a leader; Retaliation—constructive feedback	Harassment—private prejudice only; Retaliation—mediation	Harassment—disagreement; Retaliation—compromise	A	Harassment is hostile conduct; retaliation punishes someone for speaking up.	1	Leaders must prevent both the original mistreatment and revenge against those who object or report it.	This matches the chapter’s distinction.	Legitimate correction and feedback are not automatically harassment or retaliation.	Harassment involves conduct, and retaliation is revenge for protected opposition or reporting.	Ordinary disagreement and compromise are different concepts.	Thinking retaliation means any negative consequence after a complaint.	Look for revenge connected to opposing discrimination or harassment.	Harass harms; retaliate punishes the reporter.	high	shield_reporter	optional_after_answer	ltl2_c6_harassment_retaliation_074	A shield protecting a person who reports mistreatment.	Harass harms; retaliate punishes the reporter.	A shield protecting a person who reports mistreatment.	Learn to Lead Volume 2, Chapter 6 — Diversity, Prejudice & Leadership	105–106	approved_source	draft	LTL2-C6-PI-Q070|LTL2-C6-PI-Q071|LTL2-C6-PI-Q072	55
LTL2-C6-PI-Q075	Chapter 6 I	C6-O47-48	LTL2-C6-LEADER_FIGHT_HATE	LTL2-C6-F075	hard	scenario	multiple_choice	study_and_test	application	A cadet leader hears repeated degrading jokes about a teammate’s background. What is the best response?	Stay silent unless the target complains.	Interrupt the behavior, reinforce standards, support the target, and involve appropriate leaders.	Join the joking to avoid conflict.	Privately decide the jokes are wrong but take no action.	B	Leaders must actively create an atmosphere of dignity and respect.	1	Fighting prejudice requires speaking up, supporting affected people, educating the team, and using proper reporting channels.	Leaders can be responsible for failing to act.	This combines immediate intervention, support, standards, and proper escalation.	Participation violates respect and worsens the harm.	Private disapproval without action does not protect the team.	Believing neutrality is enough when harm is occurring.	Ask what protects both the person and the team climate.	Silence gives hate space.	high	speak_up_shield	optional_after_answer	ltl2_c6_leader_fight_hate_075	A leader stepping between degrading words and a teammate, with a respect shield.	Silence gives hate space.	A leader stepping between degrading words and a teammate, with a respect shield.	Learn to Lead Volume 2, Chapter 6 — Diversity, Prejudice & Leadership	105–106	approved_source	draft	LTL2-C6-PI-Q070|LTL2-C6-PI-Q071|LTL2-C6-PI-Q072	55
