visual_asset_key,visual_file_name,visual_storage_path,visual_title,visual_description,recommended_for_concepts,package_code,status
ltl3_c10_org5,ch10_five_parts_organization.png,/assets/cap-visuals/ch10_five_parts_organization.png,Five Parts of an Organization,Exam-focused Chapter 10 study visual for five parts of an organization.,organization; operating core; middle line; strategic apex; technostructure; support staff,LTL3_C10_100,approved
ltl3_c10_structure,ch10_hierarchy_vs_freeform.png,/assets/cap-visuals/ch10_hierarchy_vs_freeform.png,Hierarchy vs Free-Form Organizations,Exam-focused Chapter 10 study visual for hierarchy vs free-form organizations.,hierarchy; span of control; free-form organization,LTL3_C10_100,approved
ltl3_c10_committees,ch10_committees_triggers.png,/assets/cap-visuals/ch10_committees_triggers.png,Committees: Benefits & Triggers,Exam-focused Chapter 10 study visual for committees: benefits & triggers.,committee; standing committee; select committee; special handling,LTL3_C10_100,approved
ltl3_c10_meetings,ch10_productive_meetings.png,/assets/cap-visuals/ch10_productive_meetings.png,Productive Meeting Tools,Exam-focused Chapter 10 study visual for productive meeting tools.,objective-driven agenda; read-ahead; oral presentation; meeting minutes; teleconference etiquette,LTL3_C10_100,approved
ltl3_c10_facilitation,ch10_facilitation_parliamentary.png,/assets/cap-visuals/ch10_facilitation_parliamentary.png,Facilitation & Parliamentary Procedure,Exam-focused Chapter 10 study visual for facilitation & parliamentary procedure.,facilitator; desire for consensus; open-ended questions; parliamentary procedure; quorum; motion; secret ballot,LTL3_C10_100,approved
ltl3_c10_management,ch10_management_polc.png,/assets/cap-visuals/ch10_management_polc.png,Four Functions of Management,Exam-focused Chapter 10 study visual for four functions of management.,management; ethical management; planning; organizing; leading; controlling,LTL3_C10_100,approved
ltl3_c10_project_people,ch10_project_key_players.png,/assets/cap-visuals/ch10_project_key_players.png,Project Key Players,Exam-focused Chapter 10 study visual for project key players.,project sponsor; project manager; stakeholders; customers,LTL3_C10_100,approved
ltl3_c10_project_lifecycle,ch10_project_lifecycle.png,/assets/cap-visuals/ch10_project_lifecycle.png,Project Lifecycle,Exam-focused Chapter 10 study visual for project lifecycle.,project; project lifecycle; project brief; opportunity cost; Project Initiating Document; Gantt chart; field test; execution phase; review and concluding phase,LTL3_C10_100,approved
ltl3_c10_comms,ch10_web_and_briefing.png,/assets/cap-visuals/ch10_web_and_briefing.png,Web Writing & Briefings,Exam-focused Chapter 10 study visual for web writing & briefings.,completed staff work; web copy; advocacy briefing,LTL3_C10_100,approved
ltl3_c10_presentation,ch10_qa_visuals_delivery.png,/assets/cap-visuals/ch10_qa_visuals_delivery.png,"Q&A, Visual Aids & Delivery","Exam-focused Chapter 10 study visual for q&a, visual aids & delivery.",boomerang; mapped picture; body language,LTL3_C10_100,approved
